RK,NAME,TEAM,SALARY,2013
1,"Kobe Bryant, SF",Los Angeles Lakers,"$30,453,805",2013
2,"Dirk Nowitzki, F",Dallas Mavericks,"$20,907,128",2013
3,"Amar'e Stoudemire, C",New York Knicks,"$19,948,799",2013
4,"Joe Johnson, G",Brooklyn Nets,"$19,752,645",2013
5,"Carmelo Anthony, PF",New York Knicks,"$19,444,503",2013
6,"Pau Gasol, PF",Los Angeles Lakers,"$19,285,850",2013
7,"Chris Bosh, PF",Miami Heat,"$19,067,500",2013
8,"LeBron James, SF",Miami Heat,"$19,067,500",2013
9,"Dwyane Wade, G",Miami Heat,"$18,673,000",2013
10,"Chris Paul, PG",LA Clippers,"$18,668,431",2013
RK,NAME,TEAM,SALARY,2013
11,"Kevin Durant, SF",Oklahoma City Thunder,"$17,832,626",2013
12,"Derrick Rose, PG",Chicago Bulls,"$17,632,688",2013
13,"Deron Williams, PG",Brooklyn Nets,"$17,177,795",2013
14,"Andrew Bynum, C",Philadelphia 76ers,"$16,889,000",2013
15,"Paul Pierce, SF",Boston Celtics,"$16,790,345",2013
16,"Zach Randolph, F",Memphis Grizzlies,"$16,500,000",2013
17,"Rudy Gay, SF",Memphis Grizzlies,"$16,460,538",2013
18,"Carlos Boozer, PF",Chicago Bulls,"$15,300,000",2013
19,"Andre Iguodala, SG",Denver Nuggets,"$14,968,250",2013
20,"Russell Westbrook, PG",Oklahoma City Thunder,"$14,693,906",2013
RK,NAME,TEAM,SALARY,2013
21,"Emeka Okafor, C",Washington Wizards,"$14,487,500",2013
22,"Luol Deng, F",Chicago Bulls,"$14,275,000",2013
23,"Manu Ginobili, G",San Antonio Spurs,"$14,107,492",2013
24,"Marc Gasol, C",Memphis Grizzlies,"$13,891,359",2013
25,"Blake Griffin, PF",LA Clippers,"$13,701,250",2013
26,"Brook Lopez, C",Brooklyn Nets,"$13,668,750",2013
27,"Eric Gordon, SG",New Orleans Hornets,"$13,668,750",2013
28,"Roy Hibbert, C",Indiana Pacers,"$13,668,750",2013
29,"Kevin Love, PF",Minnesota Timberwolves,"$13,668,750",2013
30,"Tyson Chandler, C",New York Knicks,"$13,604,188",2013
RK,NAME,TEAM,SALARY,2013
31,"LaMarcus Aldridge, PF",Portland Trail Blazers,"$13,500,000",2013
32,"Al Jefferson, C",Utah Jazz,"$13,500,000",2013
33,"Ben Gordon, SG",Charlotte Bobcats,"$13,200,000",2013
34,"Josh Smith, PF",Atlanta Hawks,"$13,200,000",2013
35,"Danny Granger, SF",Indiana Pacers,"$13,058,606",2013
36,"Andrew Bogut, C",Golden State Warriors,"$13,000,000",2013
37,"Nene null, C",Washington Wizards,"$13,000,000",2013
38,"David Lee, PF",Golden State Warriors,"$12,744,000",2013
39,"Tony Parker, G",San Antonio Spurs,"$12,500,000",2013
40,"Kevin Martin, SG",Oklahoma City Thunder,"$12,439,675",2013
RK,NAME,TEAM,SALARY,2013
41,"Serge Ibaka, C",Oklahoma City Thunder,"$12,350,000",2013
42,"Al Horford, PF",Atlanta Hawks,"$12,000,000",2013
43,"Kris Humphries, PF",Brooklyn Nets,"$12,000,000",2013
44,"Hedo Turkoglu, SF",Orlando Magic,"$12,000,000",2013
45,"Kevin Garnett, PF",Boston Celtics,"$11,566,265",2013
46,"Joakim Noah, C",Chicago Bulls,"$11,100,000",2013
47,"Jose Calderon, G",Toronto Raptors,"$11,046,591",2013
48,"Rajon Rondo, PG",Boston Celtics,"$11,000,000",2013
49,"Monta Ellis, SG",Milwaukee Bucks,"$11,000,000",2013
50,"DeAndre Jordan, C",LA Clippers,"$10,986,550",2013
RK,NAME,TEAM,SALARY,2013
51,"Corey Maggette, SF",Detroit Pistons,"$10,924,138",2013
52,"Mehmet Okur, C",Brooklyn Nets,"$10,890,000",2013
53,"Nicolas Batum, SG",Portland Trail Blazers,"$10,850,000",2013
54,"Richard Jefferson, F",Golden State Warriors,"$10,164,000",2013
55,"Stephen Jackson, SF",San Antonio Spurs,"$10,059,750",2013
56,"Andrea Bargnani, C",Toronto Raptors,"$10,000,000",2013
57,"JaVale McGee, C",Denver Nuggets,"$10,000,000",2013
58,"David West, F",Indiana Pacers,"$10,000,000",2013
59,"Andrei Kirilenko, SF",Minnesota Timberwolves,"$9,779,349",2013
60,"Gerald Wallace, SF",Brooklyn Nets,"$9,682,435",2013
RK,NAME,TEAM,SALARY,2013
61,"Tim Duncan, C",San Antonio Spurs,"$9,638,554",2013
62,"Cuttino Mobley, SG",LA Clippers,"$9,500,000",2013
63,"Danilo Gallinari, PF",Denver Nuggets,"$9,439,000",2013
64,"Steve Nash, PG",Los Angeles Lakers,"$9,300,500",2013
65,"Andris Biedrins, C",Golden State Warriors,"$9,000,000",2013
66,"Ryan Anderson, PF",New Orleans Hornets,"$8,700,000",2013
67,"Shawn Marion, SG",Dallas Mavericks,"$8,646,364",2013
68,"Paul Millsap, PF",Utah Jazz,"$8,603,633",2013
69,"Jameer Nelson, G",Orlando Magic,"$8,600,000",2013
70,"Rodney Stuckey, PG",Detroit Pistons,"$8,500,000",2013
RK,NAME,TEAM,SALARY,2013
71,"Mo Williams, PG",Utah Jazz,"$8,500,000",2013
72,"Devin Harris, G",Atlanta Hawks,"$8,500,000",2013
73,"Kendrick Perkins, C",Oklahoma City Thunder,"$8,477,437",2013
74,"Jeff Green, PF",Boston Celtics,"$8,385,000",2013
75,"Jeremy Lin, G",Houston Rockets,"$8,374,646",2013
76,"Omer Asik, C",Houston Rockets,"$8,374,646",2013
77,"Anderson Varejao, C",Cleveland Cavaliers,"$8,368,182",2013
78,"Thaddeus Young, PF",Philadelphia 76ers,"$8,289,130",2013
79,"Marvin Williams, PF",Utah Jazz,"$8,287,500",2013
80,"John Salmons, SF",Sacramento Kings,"$8,083,000",2013
RK,NAME,TEAM,SALARY,2013
81,"Charlie Villanueva, PF",Detroit Pistons,"$8,060,000",2013
82,"Tyrus Thomas, PF",Charlotte Bobcats,"$8,000,000",2013
83,"Caron Butler, SF",LA Clippers,"$8,000,000",2013
84,"Chris Kaman, C",Dallas Mavericks,"$8,000,000",2013
85,"George Hill, PG",Indiana Pacers,"$8,000,000",2013
86,"Mark Blount, C",Miami Heat,"$7,967,375",2013
87,"Ersan Ilyasova, PF",Milwaukee Bucks,"$7,900,000",2013
88,"Arron Afflalo, G",Orlando Magic,"$7,750,000",2013
89,"Metta World Peace, SF",Los Angeles Lakers,"$7,727,500",2013
90,"Trevor Ariza, SF",Washington Wizards,"$7,727,280",2013
RK,NAME,TEAM,SALARY,2013
91,"Marcin Gortat, C",Phoenix Suns,"$7,727,280",2013
92,"James Posey, SF",Indiana Pacers,"$7,595,600",2013
93,"Marcus Thornton, SG",Sacramento Kings,"$7,525,000",2013
94,"Mike Conley, PG",Memphis Grizzlies,"$7,505,786",2013
95,"Goran Dragic, PG",Phoenix Suns,"$7,500,000",2013
96,"John Wall, PG",Washington Wizards,"$7,459,925",2013
97,"Taj Gibson, C",Chicago Bulls,"$7,415,730",2013
98,"Beno Udrih, PG",Orlando Magic,"$7,372,000",2013
99,"Al Harrington, PF",Orlando Magic,"$7,148,600",2013
100,"Tayshaun Prince, SF",Memphis Grizzlies,"$6,764,045",2013
RK,NAME,TEAM,SALARY,2013
101,"JJ Redick, SG",Orlando Magic,"$6,750,000",2013
102,"Samuel Dalembert, C",Milwaukee Bucks,"$6,698,565",2013
103,"Drew Gooden, PF",Milwaukee Bucks,"$6,687,400",2013
104,"Morris Peterson, SG",Oklahoma City Thunder,"$6,665,000",2013
105,"Andres Nocioni, SF",Madrid Real Madrid,"$6,650,000",2013
106,"Jerome James, C",Chicago Bulls,"$6,600,000",2013
107,"Wesley Matthews, SG",Portland Trail Blazers,"$6,505,320",2013
108,"Spencer Hawes, PF",Philadelphia 76ers,"$6,500,000",2013
109,"Glen Davis, PF",Orlando Magic,"$6,400,000",2013
110,"Channing Frye, F",Phoenix Suns,"$6,400,000",2013
RK,NAME,TEAM,SALARY,2013
111,"Landry Fields, SG",Toronto Raptors,"$6,250,000",2013
112,"Mike Miller, SG",Miami Heat,"$6,200,000",2013
113,"Francisco Garcia, SG",Sacramento Kings,"$6,100,000",2013
114,"Luke Walton, SF",Cleveland Cavaliers,"$6,091,363",2013
115,"Amir Johnson, F",Toronto Raptors,"$6,050,000",2013
116,"Michael Beasley, F",Phoenix Suns,"$6,000,000",2013
117,"Brandon Bass, PF",Boston Celtics,"$6,000,000",2013
118,"Wilson Chandler, SF",Denver Nuggets,"$5,930,414",2013
119,"James Harden, SG",Houston Rockets,"$5,820,417",2013
120,"Jason Richardson, SG",Philadelphia 76ers,"$5,799,625",2013
RK,NAME,TEAM,SALARY,2013
121,"Kyle Lowry, PG",Toronto Raptors,"$5,750,000",2013
122,"Nick Young, G",Philadelphia 76ers,"$5,600,000",2013
123,"Chuck Hayes, PF",Sacramento Kings,"$5,486,250",2013
124,"Sasha Vujacic, SG",New York Knicks,"$5,475,113",2013
125,"Jarrett Jack, G",Golden State Warriors,"$5,400,000",2013
126,"Kyrie Irving, PG",Cleveland Cavaliers,"$5,375,760",2013
127,"Evan Turner, SG",Philadelphia 76ers,"$5,293,080",2013
128,"Tyreke Evans, G",Sacramento Kings,"$5,250,825",2013
129,"Jason Thompson, PF",Sacramento Kings,"$5,250,000",2013
130,"Zaza Pachulia, C",Atlanta Hawks,"$5,248,750",2013
RK,NAME,TEAM,SALARY,2013
131,"Jamal Crawford, SG",LA Clippers,"$5,225,000",2013
132,"Antonio McDyess, PF",San Antonio Spurs,"$5,220,000",2013
133,"Speedy Claxton, PG",Atlanta Hawks,"$5,209,454",2013
134,"Martell Webster, SF",Washington Wizards,"$5,150,000",2013
135,"Anthony Davis, PF",New Orleans Hornets,"$5,144,280",2013
136,"Brad Miller, C",New Orleans Pelicans,"$5,104,000",2013
137,"Brandon Roy, SG",Minnesota Timberwolves,"$5,100,000",2013
138,"Jason Maxiell, PF",Detroit Pistons,"$5,000,000",2013
139,"Ramon Sessions, G",Charlotte Bobcats,"$5,000,000",2013
140,"Andre Miller, PG",Denver Nuggets,"$5,000,000",2013
RK,NAME,TEAM,SALARY,2013
141,"Kyle Korver, SG",Atlanta Hawks,"$5,000,000",2013
142,"Jason Terry, G",Boston Celtics,"$5,000,000",2013
143,"Lou Williams, SG",Atlanta Hawks,"$5,000,000",2013
144,"Courtney Lee, SG",Boston Celtics,"$5,000,000",2013
145,"Richard Hamilton, SG",Chicago Bulls,"$5,000,000",2013
146,"Robin Lopez, C",New Orleans Hornets,"$4,899,293",2013
147,"Marcus Banks, PG",New Orleans Pelicans,"$4,847,586",2013
148,"Nikola Pekovic, C",Minnesota Timberwolves,"$4,837,200",2013
149,"Darius Songaila, PF",Philadelphia 76ers,"$4,818,000",2013
150,"Derrick Williams, PF",Minnesota Timberwolves,"$4,809,840",2013
RK,NAME,TEAM,SALARY,2013
151,"Michael Kidd-Gilchrist, SF",Charlotte Bobcats,"$4,809,840",2013
152,"Luc Mbah a Moute, PF",Milwaukee Bucks,"$4,794,192",2013
153,"Daniel Gibson, SG",Cleveland Cavaliers,"$4,792,332",2013
154,"Victor Oladipo, SG",Indiana Pacers,"$4,763,760",2013
155,"Derrick Favors, C",Utah Jazz,"$4,753,320",2013
156,"Linas Kleiza, SF",Toronto Raptors,"$4,600,000",2013
157,"Marcus Camby, C",New York Knicks,"$4,590,338",2013
158,"Luis Scola, F",Phoenix Suns,"$4,508,504",2013
159,"Boris Diaw, C",San Antonio Spurs,"$4,500,000",2013
160,"Jonas Jerebko, F",Detroit Pistons,"$4,500,000",2013
RK,NAME,TEAM,SALARY,2013
161,"J.J. Barea, PG",Minnesota Timberwolves,"$4,493,500",2013
162,"Udonis Haslem, PF",Miami Heat,"$4,340,000",2013
163,"Bradley Beal, SG",Washington Wizards,"$4,319,280",2013
164,"Enes Kanter, C",Utah Jazz,"$4,319,280",2013
165,"Wesley Johnson, F",Phoenix Suns,"$4,285,560",2013
166,"Otto Porter Jr., SF",Chicago Bulls,"$4,278,000",2013
167,"Jordan Farmar, PG",Sacramento Kings,"$4,250,000",2013
168,"Jared Dudley, SF",Phoenix Suns,"$4,250,000",2013
169,"Marreese Speights, F",Memphis Grizzlies,"$4,200,000",2013
170,"Dorell Wright, SF",Philadelphia 76ers,"$4,106,000",2013
RK,NAME,TEAM,SALARY,2013
171,"Bruce Bowen, SF",San Antonio Spurs,"$4,100,000",2013
172,"Charlie Bell, SG",Golden State Warriors,"$4,099,920",2013
173,"Greg Buckner, SG",Memphis Grizzlies,"$4,080,915",2013
174,"Kirk Hinrich, SG",Chicago Bulls,"$4,059,000",2013
175,"Steve Novak, SF",New York Knicks,"$4,054,055",2013
176,"O.J. Mayo, SG",Dallas Mavericks,"$4,020,000",2013
177,"Mario Chalmers, G",Miami Heat,"$4,000,000",2013
178,"Luke Ridnour, PG",Minnesota Timberwolves,"$4,000,000",2013
179,"JJ Hickson, C",Portland Trail Blazers,"$4,000,000",2013
180,"Ian Mahinmi, C",Indiana Pacers,"$4,000,000",2013
RK,NAME,TEAM,SALARY,2013
181,"Anthony Morrow, SG",Dallas Mavericks,"$4,000,000",2013
182,"Brandon Rush, F",Golden State Warriors,"$4,000,000",2013
183,"Carl Landry, PF",Golden State Warriors,"$4,000,000",2013
184,"Hakim Warrick, PF",Charlotte Bobcats,"$4,000,000",2013
185,"Steve Blake, PG",Los Angeles Lakers,"$4,000,000",2013
186,"Ryan Gomes, SF",Boston Celtics,"$4,000,000",2013
187,"Stephen Curry, PG",Golden State Warriors,"$3,958,742",2013
188,"Tiago Splitter, C",San Antonio Spurs,"$3,944,000",2013
189,"Thabo Sefolosha, SF",Oklahoma City Thunder,"$3,900,000",2013
190,"Tristan Thompson, C",Cleveland Cavaliers,"$3,894,240",2013
RK,NAME,TEAM,SALARY,2013
191,"DeMarcus Cousins, C",Sacramento Kings,"$3,880,800",2013
192,"Cody Zeller, C",Charlotte Hornets,"$3,857,040",2013
193,"Joel Anthony, C",Miami Heat,"$3,800,000",2013
194,"Ricky Rubio, PG",Minnesota Timberwolves,"$3,741,120",2013
195,"Dion Waiters, SG",Cleveland Cavaliers,"$3,726,600",2013
196,"Matt Bonner, C",San Antonio Spurs,"$3,630,000",2013
197,"Jordan Hill, C",Los Angeles Lakers,"$3,563,600",2013
198,"Ekpe Udoh, F",Milwaukee Bucks,"$3,524,880",2013
199,"D.J. Augustin, PG",Indiana Pacers,"$3,500,000",2013
200,"Shannon Brown, PG",Phoenix Suns,"$3,500,000",2013
RK,NAME,TEAM,SALARY,2013
201,"Danny Green, SG",San Antonio Spurs,"$3,500,000",2013
202,"Chris Duhon, PG",Los Angeles Lakers,"$3,500,000",2013
203,"Alonzo Gee, SF",Cleveland Cavaliers,"$3,500,000",2013
204,"Gerald Green, SG",Indiana Pacers,"$3,500,000",2013
205,"Matt Carroll, SG",Charlotte Bobcats,"$3,500,000",2013
206,"Johan Petro, C",Atlanta Hawks,"$3,500,000",2013
207,"Raymond Felton, G",New York Knicks,"$3,480,453",2013
208,"Raja Bell, SG",Utah Jazz,"$3,480,000",2013
209,"Jonas Valanciunas, C",Toronto Raptors,"$3,374,640",2013
210,"Thomas Robinson, F",Sacramento Kings,"$3,374,640",2013
RK,NAME,TEAM,SALARY,2013
211,"DeMar DeRozan, SF",Toronto Raptors,"$3,344,250",2013
212,"Jan Vesely, PF",Washington Wizards,"$3,340,920",2013
213,"Tony Allen, SG",Memphis Grizzlies,"$3,300,000",2013
214,"Shane Battier, SF",Miami Heat,"$3,270,000",2013
215,"Matt Barnes, SF",LA Clippers,"$3,250,000",2013
216,"Will Bynum, PG",Detroit Pistons,"$3,250,000",2013
217,"Corey Brewer, SG",Denver Nuggets,"$3,243,000",2013
218,"Ray Allen, SG",Miami Heat,"$3,229,050",2013
219,"Greg Monroe, C",Detroit Pistons,"$3,217,680",2013
220,"Mike Dunleavy, SG",Milwaukee Bucks,"$3,183,000",2013
RK,NAME,TEAM,SALARY,2013
221,"Brandon Jennings, G",Milwaukee Bucks,"$3,179,493",2013
222,"Timofey Mozgov, C",Denver Nuggets,"$3,140,429",2013
223,"Shawne Williams, SF",Minnesota Timberwolves,"$3,135,000",2013
224,"Jason Kidd, PG",New York Knicks,"$3,090,000",2013
225,"Mirza Teletovic, PF",Brooklyn Nets,"$3,090,000",2013
226,"Vince Carter, G",Dallas Mavericks,"$3,090,000",2013
227,"Damian Lillard, PG",Portland Trail Blazers,"$3,065,040",2013
228,"Tyler Hansbrough, PF",Indiana Pacers,"$3,055,259",2013
229,"Bismack Biyombo, C",Charlotte Bobcats,"$3,049,920",2013
230,"Joel Freeland, C",Portland Trail Blazers,"$3,013,512",2013
RK,NAME,TEAM,SALARY,2013
231,"Darrell Arthur, F",Memphis Grizzlies,"$3,006,217",2013
232,"Lavoy Allen, F",Philadelphia 76ers,"$3,000,000",2013
233,"Kosta Koufos, C",Denver Nuggets,"$3,000,000",2013
234,"Travis Outlaw, SF",Sacramento Kings,"$3,000,000",2013
235,"Jerryd Bayless, G",Memphis Grizzlies,"$3,000,000",2013
236,"Carlos Delfino, SG",Houston Rockets,"$3,000,000",2013
237,"Jeff Foster, PF",Indiana Pacers,"$3,000,000",2013
238,"Austin Daye, SF",Memphis Grizzlies,"$2,958,077",2013
239,"Al-Farouq Aminu, PF",New Orleans Hornets,"$2,947,800",2013
240,"Alexey Shved, PG",Minnesota Timberwolves,"$2,934,610",2013
RK,NAME,TEAM,SALARY,2013
241,"Dahntay Jones, SG",Dallas Mavericks,"$2,900,000",2013
242,"Julian Wright, SF",Toronto Raptors,"$2,858,057",2013
243,"Mark Madsen, PF",Minnesota Timberwolves,"$2,840,000",2013
244,"Kwame Brown, C",Philadelphia 76ers,"$2,819,044",2013
245,"James Johnson, PF",Sacramento Kings,"$2,812,006",2013
246,"JR Smith, SG",New York Knicks,"$2,806,452",2013
247,"Harrison Barnes, SF",Golden State Warriors,"$2,798,040",2013
248,"Kevin Seraphin, C",Washington Wizards,"$2,761,114",2013
249,"Eduardo Najera, PF",Charlotte Hornets,"$2,750,000",2013
250,"Gordon Hayward, SF",Utah Jazz,"$2,709,720",2013
RK,NAME,TEAM,SALARY,2013
251,"David Andersen, C",Fenerbahce Ulker Fenerbahce Ulker,"$2,685,185",2013
252,"Brandon Knight, PG",Detroit Pistons,"$2,678,640",2013
253,"Jrue Holiday, SG",Philadelphia 76ers,"$2,674,852",2013
254,"Josh McRoberts, PF",Charlotte Bobcats,"$2,652,000",2013
255,"Quentin Richardson, SF",New York Knicks,"$2,627,400",2013
256,"Eric Bledsoe, PG",LA Clippers,"$2,626,473",2013
257,"Nick Collison, F",Oklahoma City Thunder,"$2,585,668",2013
258,"Greg Stiemsma, C",Minnesota Timberwolves,"$2,575,000",2013
259,"Aaron Gray, C",Toronto Raptors,"$2,575,000",2013
260,"Paul George, SG",Indiana Pacers,"$2,574,120",2013
RK,NAME,TEAM,SALARY,2013
261,"Kemba Walker, PG",Charlotte Bobcats,"$2,568,360",2013
262,"Terrence Ross, SG",Toronto Raptors,"$2,563,320",2013
263,"Ty Lawson, G",Denver Nuggets,"$2,544,529",2013
264,"Randy Foye, SG",Utah Jazz,"$2,500,000",2013
265,"Jason Smith, F",New Orleans Hornets,"$2,500,000",2013
266,"Cole Aldrich, C",Sacramento Kings,"$2,445,480",2013
267,"Jeff Teague, PG",Atlanta Hawks,"$2,433,077",2013
268,"Aaron Brooks, G",Sacramento Kings,"$2,400,000",2013
269,"Ricky Davis, SG",LA Clippers,"$2,400,000",2013
270,"Andre Drummond, C",Detroit Pistons,"$2,356,320",2013
RK,NAME,TEAM,SALARY,2013
271,"Trevor Booker, F",Washington Wizards,"$2,350,820",2013
272,"Jimmer Fredette, G",Sacramento Kings,"$2,339,040",2013
273,"Xavier Henry, SG",New Orleans Hornets,"$2,323,200",2013
274,"Earl Watson, PG",Utah Jazz,"$2,300,000",2013
275,"Omri Casspi, F",Cleveland Cavaliers,"$2,277,306",2013
276,"Anthony Parker, SG",Cleveland Cavaliers,"$2,250,000",2013
277,"Ben Wallace, PF",Detroit Pistons,"$2,246,400",2013
278,"DeShawn Stevenson, SG",Atlanta Hawks,"$2,240,450",2013
279,"Austin Rivers, PG",New Orleans Hornets,"$2,238,360",2013
280,"Rodrigue Beaubois, PG",Dallas Mavericks,"$2,227,333",2013
RK,NAME,TEAM,SALARY,2013
281,"C.J. Miles, SG",Cleveland Cavaliers,"$2,225,000",2013
282,"Klay Thompson, SG",Golden State Warriors,"$2,222,160",2013
283,"Ed Davis, C",Memphis Grizzlies,"$2,207,040",2013
284,"Rudy Fernandez, SG",Madrid Real Madrid,"$2,180,443",2013
285,"Meyers Leonard, C",Portland Trail Blazers,"$2,126,520",2013
286,"Alec Burks, SG",Utah Jazz,"$2,111,160",2013
287,"Jeremy Lamb, SG",Oklahoma City Thunder,"$2,111,160",2013
288,"Elton Brand, PF",Dallas Mavericks,"$2,100,500",2013
289,"Patrick Patterson, PF",Sacramento Kings,"$2,096,760",2013
290,"Markieff Morris, PF",Phoenix Suns,"$2,091,840",2013
RK,NAME,TEAM,SALARY,2013
291,"Dante Cunningham, F",Minnesota Timberwolves,"$2,090,000",2013
292,"Wayne Ellington, SG",Memphis Grizzlies,"$2,083,042",2013
293,"Toney Douglas, PG",Sacramento Kings,"$2,067,880",2013
294,"Anthony Johnson, PG",Orlando Magic,"$2,062,800",2013
295,"Brent Barry, SG",Houston Rockets,"$2,062,800",2013
296,"Brendan Haywood, C",Charlotte Bobcats,"$2,050,000",2013
297,"Eric Maynor, PG",Oklahoma City Thunder,"$2,016,000",2013
298,"Kendall Marshall, PG",Phoenix Suns,"$2,005,560",2013
299,"Larry Sanders, PF",Milwaukee Bucks,"$1,991,760",2013
300,"Rasho Nesterovic, C",Toronto Raptors,"$1,990,000",2013
RK,NAME,TEAM,SALARY,2013
301,"Marcus Morris Sr., SF",Phoenix Suns,"$1,987,320",2013
302,"Grant Hill, SF",LA Clippers,"$1,975,000",2013
303,"Marco Belinelli, SG",Chicago Bulls,"$1,957,000",2013
304,"Darren Collison, G",Dallas Mavericks,"$1,900,000",2013
305,"Luke Babbitt, F",Portland Trail Blazers,"$1,892,280",2013
306,"Dikembe Mutombo, C",Houston Rockets,"$1,823,280",2013
307,"John Henson, PF",Milwaukee Bucks,"$1,823,280",2013
308,"Maurice Harkless, SF",Orlando Magic,"$1,809,840",2013
309,"Kawhi Leonard, SF",San Antonio Spurs,"$1,809,840",2013
310,"Jeremy Evans, F",Utah Jazz,"$1,794,872",2013
RK,NAME,TEAM,SALARY,2013
311,"Nikola Vucevic, C",Orlando Magic,"$1,793,520",2013
312,"Donte Greene, SF",Memphis Grizzlies,"$1,679,914",2013
313,"Chris Andersen, PF",Miami Heat,"$1,679,408",2013
314,"Renaldo Balkman, SF",Dallas Mavericks,"$1,675,000",2013
315,"Anthony Randolph, SF",Denver Nuggets,"$1,674,641",2013
316,"Royce White, PF",Houston Rockets,"$1,645,440",2013
317,"Iman Shumpert, SG",New York Knicks,"$1,633,440",2013
318,"Avery Bradley, PG",Boston Celtics,"$1,630,800",2013
319,"Reggie Evans, C",Brooklyn Nets,"$1,622,617",2013
320,"Chris Singleton, SF",Washington Wizards,"$1,618,680",2013
RK,NAME,TEAM,SALARY,2013
321,"Sebastian Telfair, PG",Toronto Raptors,"$1,567,500",2013
322,"Tyler Zeller, C",Cleveland Cavaliers,"$1,563,120",2013
323,"Jodie Meeks, G",Los Angeles Lakers,"$1,550,000",2013
324,"Tobias Harris, SF",Orlando Magic,"$1,545,840",2013
325,"Slava Kravtsov, C",Detroit Pistons,"$1,500,000",2013
326,"John Lucas III, PG",Toronto Raptors,"$1,500,000",2013
327,"Greg Oden, C",Miami Heat,"$1,500,000",2013
328,"Jeff Ayres, F",Indiana Pacers,"$1,500,000",2013
329,"Gary Forbes, F",Brooklyn Nets,"$1,500,000",2013
330,"James Jones, SG",Miami Heat,"$1,500,000",2013
RK,NAME,TEAM,SALARY,2013
331,"Gustavo Ayon, PF",Orlando Magic,"$1,500,000",2013
332,"Terrence Jones, PF",Houston Rockets,"$1,485,000",2013
333,"Andrew Nicholson, F",Orlando Magic,"$1,482,000",2013
334,"Jared Jeffries, PF",Portland Trail Blazers,"$1,475,106",2013
335,"Alexis Ajinca, C",LA Clippers,"$1,467,840",2013
336,"Elliot Williams, SG",Portland Trail Blazers,"$1,442,880",2013
337,"Tony Snell, SF",Detroit Pistons,"$1,409,040",2013
338,"Craig Brackins, PF",Philadelphia 76ers,"$1,404,960",2013
339,"Nando De Colo, G",San Antonio Spurs,"$1,400,000",2013
340,"Willie Green, SG",LA Clippers,"$1,399,507",2013
RK,NAME,TEAM,SALARY,2013
341,"Zydrunas Ilgauskas, C",Miami Heat,"$1,399,507",2013
342,"Eddie House, SG",Miami Heat,"$1,399,507",2013
343,"Rashard Lewis, PF",Miami Heat,"$1,399,507",2013
344,"Nolan Smith, PG",Portland Trail Blazers,"$1,365,720",2013
345,"Donatas Motiejunas, F",Houston Rockets,"$1,361,400",2013
346,"Evan Fournier, SG",Denver Nuggets,"$1,361,400",2013
347,"Jamaal Tinsley, PG",Utah Jazz,"$1,352,181",2013
348,"Kurt Thomas, PF",New York Knicks,"$1,352,181",2013
349,"Roko-Leni Ukic, PG",Milwaukee Bucks,"$1,350,000",2013
350,"Kenneth Faried, F",Denver Nuggets,"$1,311,240",2013
RK,NAME,TEAM,SALARY,2013
351,"Jared Sullinger, C",Boston Celtics,"$1,306,920",2013
352,"Hamed Haddadi, C",Memphis Grizzlies,"$1,300,000",2013
353,"Victor Claver, PF",Portland Trail Blazers,"$1,300,000",2013
354,"Dominique Jones, SG",Dallas Mavericks,"$1,276,560",2013
355,"Reggie Jackson, PG",Oklahoma City Thunder,"$1,260,360",2013
356,"Fab Melo, C",Boston Celtics,"$1,254,720",2013
357,"Quincy Pondexter, F",Memphis Grizzlies,"$1,234,320",2013
358,"Sasha Pavlovic, SG",Portland Trail Blazers,"$1,232,713",2013
359,"John Jenkins, G",Atlanta Hawks,"$1,204,560",2013
360,"Hasheem Thabeet, C",Oklahoma City Thunder,"$1,200,000",2013
RK,NAME,TEAM,SALARY,2013
361,"Jordan Crawford, G",Washington Wizards,"$1,198,680",2013
362,"Greivis Vasquez, PG",New Orleans Hornets,"$1,191,240",2013
363,"Christian Eyenga, SF",Orlando Magic,"$1,174,080",2013
364,"MarShon Brooks, G",Brooklyn Nets,"$1,160,040",2013
365,"Jared Cunningham, G",Dallas Mavericks,"$1,156,320",2013
366,"Reggie Bullock, SF",New York Knicks,"$1,149,000",2013
367,"Ronnie Price, PG",Portland Trail Blazers,"$1,146,337",2013
368,"Norris Cole, F",Miami Heat,"$1,129,200",2013
369,"Jordan Hamilton, SG",Denver Nuggets,"$1,121,520",2013
370,"Jimmy Butler, SF",Chicago Bulls,"$1,112,880",2013
RK,NAME,TEAM,SALARY,2013
371,"Andre Roberson, SG",Oklahoma City Thunder,"$1,110,840",2013
372,"Tony Wroten, SG",Memphis Grizzlies,"$1,110,120",2013
373,"Stephen Graham, SF",Milwaukee Bucks,"$1,106,941",2013
374,"Joey Graham, SF",Cleveland Cavaliers,"$1,106,941",2013
375,"JaJuan Johnson, PF",Houston Rockets,"$1,089,240",2013
376,"Patty Mills, PG",San Antonio Spurs,"$1,085,120",2013
377,"Perry Jones, SF",Oklahoma City Thunder,"$1,082,520",2013
378,"Marquis Teague, G",Chicago Bulls,"$1,074,720",2013
379,"Cory Joseph, PG",San Antonio Spurs,"$1,074,720",2013
380,"Miles Plumlee, C",Indiana Pacers,"$1,073,280",2013
RK,NAME,TEAM,SALARY,2013
381,"Alando Tucker, SF",Minnesota Timberwolves,"$1,071,720",2013
382,"Von Wafer, SG",Orlando Magic,"$1,069,509",2013
383,"Kelenna Azubuike, SF",Cleveland Cavaliers,"$1,069,509",2013
384,"Luke Harangody, PF",Cleveland Cavaliers,"$1,054,389",2013
385,"DeJuan Blair, C",San Antonio Spurs,"$1,054,000",2013
386,"Arnett Moultrie, PF",Philadelphia 76ers,"$1,042,320",2013
387,"Quinton Ross, SF",Brooklyn Nets,"$1,033,342",2013
388,"Jawad Williams, SF",Cleveland Cavaliers,"$1,029,389",2013
389,"Festus Ezeli, C",Golden State Warriors,"$1,020,960",2013
390,"Kyle Singler, F",Detroit Pistons,"$1,000,000",2013
RK,NAME,TEAM,SALARY,2013
391,"Jon Brockman, PF",Houston Rockets,"$1,000,000",2013
392,"C.J. Watson, PG",Brooklyn Nets,"$992,680",2013
393,"Brandan Wright, F",Dallas Mavericks,"$992,680",2013
394,"Ivan Johnson, PF",Atlanta Hawks,"$962,195",2013
395,"Daniel Orton, C",Oklahoma City Thunder,"$916,099",2013
396,"Jeff Adrien, SF",Charlotte Bobcats,"$916,099",2013
397,"Ish Smith, PG",Orlando Magic,"$910,941",2013
398,"Chandler Parsons, SF",Houston Rockets,"$888,250",2013
399,"Chase Budinger, SF",Minnesota Timberwolves,"$885,120",2013
400,"Henry Walker, SF",Miami Heat,"$885,120",2013
RK,NAME,TEAM,SALARY,2013
401,"DeMarre Carroll, SF",Utah Jazz,"$885,120",2013
402,"Alexander Johnson, SF",Miami Heat,"$885,120",2013
403,"Pops Mensah-Bonsu, PF",Denver Nuggets,"$885,120",2013
404,"Salim Stoudamire, SG",Atlanta Hawks,"$884,881",2013
405,"Ryan Hollins, C",LA Clippers,"$884,293",2013
406,"Nazr Mohammed, C",Chicago Bulls,"$884,293",2013
407,"Malcolm Thomas, PF",Golden State Warriors,"$884,293",2013
408,"Malcolm Lee, SG",Minnesota Timberwolves,"$884,293",2013
409,"Garrett Temple, SG",Washington Wizards,"$884,293",2013
410,"DeAndre Liggins, G",Oklahoma City Thunder,"$884,293",2013
RK,NAME,TEAM,SALARY,2013
411,"P.J. Tucker, PF",Phoenix Suns,"$884,293",2013
412,"E'Twaun Moore, SG",Orlando Magic,"$884,293",2013
413,"Patrick Ewing Jr., SF",New Orleans Pelicans,"$884,293",2013
414,"Lance Stephenson, G",Indiana Pacers,"$870,000",2013
415,"Quincy Douby, SG",Sacramento Kings,"$855,189",2013
416,"Marcus Haislip, F",San Antonio Spurs,"$855,189",2013
417,"Mouhamed Sene, C",New York Knicks,"$855,189",2013
418,"Anthony Roberson, SG",Chicago Bulls,"$855,189",2013
419,"Javaris Crittenton, PG",Washington Wizards,"$854,389",2013
420,"Darius Miles, SF",Memphis Grizzlies,"$854,389",2013
RK,NAME,TEAM,SALARY,2013
421,"Kyle Weaver, SG",Memphis Grizzlies,"$854,389",2013
422,"Anthony Tolliver, PF",Atlanta Hawks,"$854,389",2013
423,"Luke Jackson, SF",Miami Heat,"$854,389",2013
424,"Josh Davis, SF",Memphis Grizzlies,"$854,389",2013
425,"Kenny Thomas, PF",Sacramento Kings,"$854,389",2013
426,"Jamaal Magloire, C",Toronto Raptors,"$854,389",2013
427,"Melvin Ely, C",Washington Wizards,"$854,389",2013
428,"Maurice Evans, SG",Washington Wizards,"$854,389",2013
429,"Trey Gilder, SF",Utah Jazz,"$854,389",2013
430,"Mike Harris, SF",Utah Jazz,"$854,389",2013
RK,NAME,TEAM,SALARY,2013
431,"Dwayne Jones II, PF",Utah Jazz,"$854,389",2013
432,"Royal Ivey, PG",Philadelphia 76ers,"$854,389",2013
433,"Derrick Brown, SF",San Antonio Spurs,"$854,389",2013
434,"Malik Hairston, SG",San Antonio Spurs,"$854,389",2013
435,"Darryl Watkins, C",New Orleans Pelicans,"$854,389",2013
436,"Trey Johnson, SG",Sacramento Kings,"$854,389",2013
437,"Antoine Wright, SF",Sacramento Kings,"$854,389",2013
438,"Sean May, C",Sacramento Kings,"$854,389",2013
439,"Luther Head, PG",Sacramento Kings,"$854,389",2013
440,"Roger Mason Jr., SG",New Orleans Hornets,"$854,389",2013
RK,NAME,TEAM,SALARY,2013
441,"Hassan Whiteside, C",Portland Trail Blazers,"$854,389",2013
442,"Coby Karl, PG",Denver Nuggets,"$854,389",2013
443,"Craig Smith, PF",Portland Trail Blazers,"$854,389",2013
444,"Fabricio Oberto, C",Portland Trail Blazers,"$854,389",2013
445,"A.J. Price, PG",Washington Wizards,"$854,389",2013
446,"Leandro Barbosa, G",Washington Wizards,"$854,389",2013
447,"Sonny Weems, SG",Philadelphia 76ers,"$854,389",2013
448,"Keith Bogans, SG",Brooklyn Nets,"$854,389",2013
449,"Francisco Elson, C",Philadelphia 76ers,"$854,389",2013
450,"Tony Battie, C",Philadelphia 76ers,"$854,389",2013
RK,NAME,TEAM,SALARY,2013
451,"Larry Hughes, SG",Orlando Magic,"$854,389",2013
452,"Malik Allen, PF",Orlando Magic,"$854,389",2013
453,"James White, SG",New York Knicks,"$854,389",2013
454,"Didier Ilunga-Mbenga, C",New York Knicks,"$854,389",2013
455,"Rasheed Wallace, PF",New York Knicks,"$854,389",2013
456,"Baron Davis, PG",New York Knicks,"$854,389",2013
457,"Mike Bibby, PG",Memphis Grizzlies,"$854,389",2013
458,"Andray Blatche, C",Brooklyn Nets,"$854,389",2013
459,"Jason Collins, C",Washington Wizards,"$854,389",2013
460,"Jerry Stackhouse, SF",Brooklyn Nets,"$854,389",2013
RK,NAME,TEAM,SALARY,2013
461,"Marko Jaric, PG",Brooklyn Nets,"$854,389",2013
462,"Kyrylo Fesenko, C",Minnesota Timberwolves,"$854,389",2013
463,"Shelden Williams, C",Atlanta Hawks,"$854,389",2013
464,"Maurice Ager, SF",Minnesota Timberwolves,"$854,389",2013
465,"Rasual Butler, SF",Minnesota Timberwolves,"$854,389",2013
466,"Marquis Daniels, SG",Milwaukee Bucks,"$854,389",2013
467,"Josh Powell, PF",Milwaukee Bucks,"$854,389",2013
468,"Joel Przybilla, C",Milwaukee Bucks,"$854,389",2013
469,"Dan Gadzuric, C",Los Angeles Lakers,"$854,389",2013
470,"Joe Smith, PF",Los Angeles Lakers,"$854,389",2013
RK,NAME,TEAM,SALARY,2013
471,"Theo Ratliff, C",Los Angeles Lakers,"$854,389",2013
472,"Alan Anderson, SG",Toronto Raptors,"$854,389",2013
473,"Sundiata Gaines, PG",Indiana Pacers,"$854,389",2013
474,"Darnell Jackson, PF",Indiana Pacers,"$854,389",2013
475,"Blake Ahearn, G",Indiana Pacers,"$854,389",2013
476,"Damien Wilkins, SG",Philadelphia 76ers,"$854,389",2013
477,"Joe Alexander, SF",Golden State Warriors,"$854,389",2013
478,"Jason Kapono, SG",Golden State Warriors,"$854,389",2013
479,"T.J. Ford, PG",Golden State Warriors,"$854,389",2013
480,"Jermaine O'Neal, C",Phoenix Suns,"$854,389",2013
RK,NAME,TEAM,SALARY,2013
481,"Jonny Flynn, PG",Portland Trail Blazers,"$854,389",2013
482,"Cartier Martin, PF",Washington Wizards,"$854,389",2013
483,"Brian Cook, PF",Detroit Pistons,"$854,389",2013
484,"Joey Dorsey, PF",Barcelona FC Barcelona,"$854,389",2013
485,"Josh Childress, F",Brooklyn Nets,"$854,389",2013
486,"Anthony Carter, PG",Denver Nuggets,"$854,389",2013
487,"Delonte West, SG",Dallas Mavericks,"$854,389",2013
488,"Eddy Curry, NA",Dallas Mavericks,"$854,389",2013
489,"Tim Thomas, PF",Dallas Mavericks,"$854,389",2013
490,"Brian Cardinal, PF",Dallas Mavericks,"$854,389",2013
RK,NAME,TEAM,SALARY,2013
491,"Samardo Samuels, PF",Cleveland Cavaliers,"$854,389",2013
492,"Chris Richard, PF",Chicago Bulls,"$854,389",2013
493,"Ronnie Brewer, SF",Oklahoma City Thunder,"$854,389",2013
494,"Brian Scalabrine, PF",Chicago Bulls,"$854,389",2013
495,"Vladimir Radmanovic, SF",Chicago Bulls,"$854,389",2013
496,"D.J. Strawberry, SG",Phoenix Suns,"$854,389",2013
497,"Rodney Carney, SG",New Orleans Pelicans,"$854,389",2013
498,"Nate Robinson, PG",Chicago Bulls,"$854,389",2013
499,"Darko Milicic, C",Boston Celtics,"$854,389",2013
500,"Chris Wilcox, PF",Boston Celtics,"$854,389",2013
RK,NAME,TEAM,SALARY,2013
501,"Gary Neal, PG",San Antonio Spurs,"$854,389",2013
502,"Dexter Pittman, C",Memphis Grizzlies,"$854,389",2013
503,"Earl Barron, C",Washington Wizards,"$854,389",2013
504,"Etan Thomas, C",Atlanta Hawks,"$854,389",2013
505,"Draymond Green, PF",Golden State Warriors,"$850,000",2013
506,"Troy Murphy, PF",Dallas Mavericks,"$839,312",2013
507,"Solomon Alabi, C",Philadelphia 76ers,"$830,000",2013
508,"Michael Redd, SG",Phoenix Suns,"$826,828",2013
509,"Paul Davis, C",Washington Wizards,"$825,497",2013
510,"Kevin Ollie, PG",Oklahoma City Thunder,"$825,497",2013
RK,NAME,TEAM,SALARY,2013
511,"Ryan Bowen, SF",Oklahoma City Thunder,"$825,497",2013
512,"Desmond Mason, SF",Sacramento Kings,"$825,497",2013
513,"Linton Johnson, PF",Chicago Bulls,"$825,497",2013
514,"Jason Hart, PG",New Orleans Pelicans,"$825,497",2013
515,"Kareem Rush, SG",LA Clippers,"$825,497",2013
516,"Jermareo Davidson, PF",Golden State Warriors,"$825,497",2013
517,"Marcus Williams, SG",Denver Nuggets,"$825,497",2013
518,"Lindsey Hunter, SG",Phoenix Suns,"$825,497",2013
519,"Tyler Honeycutt, SF",Sacramento Kings,"$809,875",2013
520,"Sean Marks, PF",Portland Trail Blazers,"$799,105",2013
RK,NAME,TEAM,SALARY,2013
521,"Ike Diogu, PF",New York Knicks,"$792,377",2013
522,"Solomon Jones, PF",New York Knicks,"$792,377",2013
523,"Jeffery Taylor, SF",Charlotte Bobcats,"$788,872",2013
524,"Andy Rautins, SG",Toronto Raptors,"$788,872",2013
525,"Marcus Cousin, C",San Antonio Spurs,"$788,872",2013
526,"Da'Sean Butler, NA",null Unknown,"$788,872",2013
527,"Robert Vaden, SG",San Antonio Spurs,"$788,872",2013
528,"Zabian Dowdell, PG",Phoenix Suns,"$788,872",2013
529,"Terrico White, G",Perth Perth,"$788,872",2013
530,"Kyle O'Quinn, C",Orlando Magic,"$788,872",2013
RK,NAME,TEAM,SALARY,2013
531,"Gani Lawal, F",San Lorenzo San Lorenzo,"$788,872",2013
532,"Jarvis Varnado, PF",Miami Heat,"$788,872",2013
533,"Marqus Blakely, SF",Houston Rockets,"$788,872",2013
534,"Willie Warren, SG",LA Clippers,"$788,872",2013
535,"Maalik Wayns, PG",Philadelphia 76ers,"$788,872",2013
536,"Doron Lamb, SG",Orlando Magic,"$788,872",2013
537,"Robert Sacre, C",Los Angeles Lakers,"$788,872",2013
538,"Pape Sy, SF",Atlanta Hawks,"$788,872",2013
539,"Magnum Rolle, NA",null Unknown,"$788,872",2013
540,"Jermaine Taylor, SG",Cleveland Cavaliers,"$780,871",2013
RK,NAME,TEAM,SALARY,2013
541,"Josh Howard, SF",Minnesota Timberwolves,"$773,976",2013
542,"Shaun Livingston, G",Washington Wizards,"$773,976",2013
543,"Yi Jianlian, SF",Los Angeles Lakers,"$771,706",2013
544,"Cory Higgins, PG",Charlotte Bobcats,"$762,195",2013
545,"D.J. Kennedy, SG",Memphis Grizzlies,"$762,195",2013
546,"Travis Leslie, PG",Utah Jazz,"$762,195",2013
547,"Brian Butch, C",Utah Jazz,"$762,195",2013
548,"Hamady Ndiaye, C",Sacramento Kings,"$762,195",2013
549,"Jerome Dyson, PG",Phoenix Suns,"$762,195",2013
550,"Garret Siler, C",Phoenix Suns,"$762,195",2013
RK,NAME,TEAM,SALARY,2013
551,"Taylor Griffin, PF",Phoenix Suns,"$762,195",2013
552,"Charles Jenkins, PG",Philadelphia 76ers,"$762,195",2013
553,"Justin Harper, PF",Philadelphia 76ers,"$762,195",2013
554,"Mickell Gladness, C",Orlando Magic,"$762,195",2013
555,"Mychel Thompson, SF",New York Knicks,"$762,195",2013
556,"Lance Thomas, SF",New Orleans Hornets,"$762,195",2013
557,"Jordan Williams, C",Bilbao Basket,"$762,195",2013
558,"Greg Smith, PF",Houston Rockets,"$762,195",2013
559,"Jon Leuer, F",Memphis Grizzlies,"$762,195",2013
560,"Darington Hobson, SG",Milwaukee Bucks,"$762,195",2013
RK,NAME,TEAM,SALARY,2013
561,"Kenny Hasbrouck, NA",null Unknown,"$762,195",2013
562,"Derrick Caracter, PF",Flamengo Flamengo,"$762,195",2013
563,"Trey Thompkins, PF",LA Clippers,"$762,195",2013
564,"Isaiah Thomas, PG",Sacramento Kings,"$762,195",2013
565,"Courtney Fortson, PG",Houston Rockets,"$762,195",2013
566,"Jeremy Tyler, C",Golden State Warriors,"$762,195",2013
567,"Diamon Simpson, SF",Houston Rockets,"$762,195",2013
568,"Xavier Silas, G",Denver Nuggets,"$762,195",2013
569,"Josh Selby, PG",Memphis Grizzlies,"$762,195",2013
570,"Semih Erden, C",Fenerbahce Ulker Fenerbahce Ulker,"$762,195",2013
RK,NAME,TEAM,SALARY,2013
571,"Julyan Stone, G",Denver Nuggets,"$762,195",2013
572,"Jerome Jordan, C",New Orleans Pelicans,"$762,195",2013
573,"Curtis Jerrells, NA",null Unknown,"$762,195",2013
574,"Dontell Jefferson, SG",Charlotte Hornets,"$736,420",2013
575,"Mike Taylor, PG",LA Clippers,"$736,420",2013
576,"Joe Crawford, SG",New York Knicks,"$736,420",2013
577,"Sun Yue, SG",Los Angeles Lakers,"$736,420",2013
578,"Walter Sharpe, PF",Detroit Pistons,"$736,420",2013
579,"DeMarcus Nelson, SG",Chicago Bulls,"$736,420",2013
580,"Ime Udoka, F",Philadelphia 76ers,"$708,640",2013
RK,NAME,TEAM,SALARY,2013
581,"Mickael Pietrus, SF",Toronto Raptors,"$698,589",2013
582,"Mike Wilks, PG",Oklahoma City Thunder,"$679,821",2013
583,"Brian Skinner, PF",Memphis Grizzlies,"$668,434",2013
584,"Quincy Acy, F",Toronto Raptors,"$665,000",2013
585,"Allen Iverson, SG",Philadelphia 76ers,"$650,686",2013
586,"Acie Law, PG",Golden State Warriors,"$633,253",2013
587,"Jae Crowder, SF",Dallas Mavericks,"$600,491",2013
588,"Chris Douglas-Roberts, SG",Dallas Mavericks,"$582,995",2013
589,"Orlando Johnson, SG",Indiana Pacers,"$550,000",2013
590,"Will Barton, SF",Portland Trail Blazers,"$550,000",2013
RK,NAME,TEAM,SALARY,2013
591,"Lazar Hayward, SF",Minnesota Timberwolves,"$542,788",2013
592,"James Anderson, SG",San Antonio Spurs,"$532,737",2013
593,"Jason Williams, PG",Orlando Magic,"$524,964",2013
594,"Daequan Cook, SG",Houston Rockets,"$512,633",2013
595,"Mike James, PG",Dallas Mavericks,"$502,581",2013
596,"Glen Rice Jr., SG",Washington Wizards,"$490,180",2013
597,"Erik Jay Murphy, PF",Boston Celtics,"$490,180",2013
598,"Ryan Reid, PF",Oklahoma City Thunder,"$475,000",2013
599,"Brian Roberts, PG",New Orleans Hornets,"$473,604",2013
600,"Sherron Collins, PG",Charlotte Hornets,"$473,604",2013
RK,NAME,TEAM,SALARY,2013
601,"Josh Akognon, PG",Dallas Mavericks,"$473,604",2013
602,"Steven Gray, G",Washington Wizards,"$473,604",2013
603,"Chris Wright, SF",Oklahoma City Thunder,"$473,604",2013
604,"Kent Bazemore, SG",Golden State Warriors,"$473,604",2013
605,"Hollis Thompson, F",Sacramento Kings,"$473,604",2013
606,"Pooh Jeter, PG",Sacramento Kings,"$473,604",2013
607,"Diante Garrett, PG",Phoenix Suns,"$473,604",2013
608,"Luke Zeller, PF",Phoenix Suns,"$473,604",2013
609,"Devin Searcy, PF",Philadelphia 76ers,"$473,604",2013
610,"Mike Scott, PF",Atlanta Hawks,"$473,604",2013
RK,NAME,TEAM,SALARY,2013
611,"Kevin Murphy, SG",Utah Jazz,"$473,604",2013
612,"Stanley Robinson, NA",null Unknown,"$473,604",2013
613,"John Shurna, SF",New York Knicks,"$473,604",2013
614,"Oscar Bellfield, PG",New York Knicks,"$473,604",2013
615,"Chris Smith, PG",New York Knicks,"$473,604",2013
616,"Carleton Scott, SF",Brooklyn Nets,"$473,604",2013
617,"Quincy Miller, F",Denver Nuggets,"$473,604",2013
618,"Dennis Horner, PF",Brooklyn Nets,"$473,604",2013
619,"Stephen Dennis, PG",Brooklyn Nets,"$473,604",2013
620,"Brian Zoubek, NA",null Unknown,"$473,604",2013
RK,NAME,TEAM,SALARY,2013
621,"James Mays, PF",Brooklyn Nets,"$473,604",2013
622,"Darius Johnson-Odom, G",Los Angeles Lakers,"$473,604",2013
623,"Micheal Eric, PF",Milwaukee Bucks,"$473,604",2013
624,"Khris Middleton, SF",Detroit Pistons,"$473,604",2013
625,"Tiny Gallon, NA",null Unknown,"$473,604",2013
626,"Robert Dozier, PF",Miami Heat,"$473,604",2013
627,"Scott Machado, G",Houston Rockets,"$473,604",2013
628,"Greg Somogyi, C",Los Angeles Lakers,"$473,604",2013
629,"Reeves Nelson, SF",Los Angeles Lakers,"$473,604",2013
630,"DeQuan Jones, SF",Orlando Magic,"$473,604",2013
RK,NAME,TEAM,SALARY,2013
631,"Luke Nevill, C",Indiana Pacers,"$473,604",2013
632,"Pablo Prigioni, PG",New York Knicks,"$473,604",2013
633,"Matt Janning, SG",Denver Nuggets,"$473,604",2013
634,"Tu Holloway, NA",null Unknown,"$473,604",2013
635,"Bernard James, C",Dallas Mavericks,"$473,604",2013
636,"Dionte Christmas, SG",Philadelphia 76ers,"$473,604",2013
637,"Ben Hansbrough, PG",Indiana Pacers,"$473,604",2013
638,"Tornike Shengelia, SF",Brooklyn Nets,"$473,604",2013
639,"Kim English, SG",Detroit Pistons,"$473,604",2013
640,"Chris Copeland, SF",New York Knicks,"$473,604",2013
RK,NAME,TEAM,SALARY,2013
641,"Tyshawn Taylor, PG",Brooklyn Nets,"$473,604",2013
642,"Darius Miller, SF",New Orleans Hornets,"$473,604",2013
643,"Vernon Macklin, PF",New Orleans Pelicans,"$473,604",2013
644,"Jamar Smith, SG",Boston Celtics,"$473,604",2013
645,"Ismail Muhammad, SG",Atlanta Hawks,"$473,604",2013
646,"Carldell Johnson, PG",Atlanta Hawks,"$473,604",2013
647,"Marcus Landry, SF",Milwaukee Bucks,"$457,588",2013
648,"Deron Washington, NA",null Unknown,"$457,588",2013
649,"Sam Young, SF",Indiana Pacers,"$402,065",2013
650,"Peja Stojakovic, SF",Dallas Mavericks,"$402,065",2013
RK,NAME,TEAM,SALARY,2013
651,"Kevin Jones, PF",Cleveland Cavaliers,"$390,027",2013
652,"Walker Russell Jr., PG",Oklahoma City Thunder,"$374,300",2013
653,"Mickael Gelabale, SF",Minnesota Timberwolves,"$346,781",2013
654,"Chris Johnson, C",Minnesota Timberwolves,"$346,781",2013
655,"Patrick Beverley, PG",Houston Rockets,"$281,376",2013
656,"Jeremy Pargo, PG",Philadelphia 76ers,"$264,527",2013
657,"Gilbert Arenas, PG",Memphis Grizzlies,"$261,829",2013
658,"Derek Fisher, PG",Oklahoma City Thunder,"$261,343",2013
659,"Manny Harris, PG",Dallas Mavericks,"$252,016",2013
660,"Terrence Williams, SG",Boston Celtics,"$244,710",2013
RK,NAME,TEAM,SALARY,2013
661,"Aron Baynes, C",San Antonio Spurs,"$239,588",2013
662,"Bobby Simmons, SF",LA Clippers,"$234,268",2013
663,"Mustafa Shakur, PG",Oklahoma City Thunder,"$226,162",2013
664,"Earl Boykins, PG",Houston Rockets,"$220,487",2013
665,"Al Thornton, SF",Golden State Warriors,"$211,084",2013
666,"Travis Diener, PG",Portland Trail Blazers,"$208,802",2013
667,"Leon Powe, PF",Memphis Grizzlies,"$201,033",2013
668,"Ben Uzoh, PG",Denver Nuggets,"$190,548",2013
669,"Lou Amundson, PF",Minnesota Timberwolves,"$185,955",2013
670,"Kenyon Martin, PF",New York Knicks,"$170,878",2013
RK,NAME,TEAM,SALARY,2013
671,"Chris Quinn, PG",Cleveland Cavaliers,"$169,340",2013
672,"Shavlik Randolph, PF",Boston Celtics,"$163,500",2013
673,"D.J. White, PF",Boston Celtics,"$156,234",2013
674,"James Singleton, F",Washington Wizards,"$151,585",2013
675,"Tim Ohlbrecht, PF",Houston Rockets,"$144,867",2013
676,"Juwan Howard, PF",Miami Heat,"$135,697",2013
677,"Armon Johnson, PG",Brooklyn Nets,"$104,494",2013
678,"Shelvin Mack, G",Washington Wizards,"$103,121",2013
679,"Terrel Harris, SG",Miami Heat,"$94,154",2013
680,"Morris Almond, SG",Washington Wizards,"$75,793",2013
RK,NAME,TEAM,SALARY,2013
681,"Mikki Moore, C",Golden State Warriors,"$75,793",2013
682,"Keyon Dooling, PG",Memphis Grizzlies,"$75,387",2013
683,"DaJuan Summers, SF",LA Clippers,"$72,892",2013
684,"Damion James, SF",Brooklyn Nets,"$68,902",2013
685,"Dominic McGuire, PF",Toronto Raptors,"$68,902",2013
686,"Josh Harrellson, C",Miami Heat,"$61,467",2013
687,"Donald Sloan, G",Cleveland Cavaliers,"$61,467",2013
688,"Chris Johnson, SG",Memphis Grizzlies,"$55,718",2013
689,"Lester Hudson, SG",LA Clippers,"$48,232",2013
690,"Justin Holiday, SF",Philadelphia 76ers,"$47,360",2013
RK,NAME,TEAM,SALARY,2013
691,"Jerel McNeal, SG",Utah Jazz,"$44,835",2013
692,"Cedric Jackson, G",Cleveland Cavaliers,"$40,375",2013
693,"Jeff Foote, C",New Orleans Pelicans,"$38,194",2013
694,"Othyus Jeffers, SG",Minnesota Timberwolves,"$35,868",2013
695,"Henry Sims, C",New Orleans Hornets,"$27,859",2013
696,"Kris Joseph, SF",Brooklyn Nets,"$27,859",2013
697,"Chris Wright, PG",Dallas Mavericks,"$27,859",2013
698,"Larry Owens, SF",Brooklyn Nets,"$22,287",2013
699,"Mario West, SG",Brooklyn Nets,"$20,103",2013
